file_path,start_time,end_time,spinup,true_start_time,mp,bl,station,sip
/home/waseem/CHOPIN_analysis/data/wrfout/wrfout_CHPN_d03_2024-10-01_HAC.nc,2024-10-01 06:00:00,2024-10-04 00:00:00,24,2024-10-02 06:00:00,10,1,HAC,1
/home/waseem/CHOPIN_analysis/data/wrfout/wrfout_CHPN_d03_2024-10-01_NPRK.nc,2024-10-01 06:00:00,2024-10-04 00:00:00,24,2024-10-02 06:00:00,10,1,NPRK,1
/home/waseem/CHOPIN_analysis/data/wrfout/wrfout_CHPN_d03_2024-10-01_SPRK.nc,2024-10-01 06:00:00,2024-10-04 00:00:00,24,2024-10-02 06:00:00,10,1,SPRK,1
/home/waseem/CHOPIN_analysis/data/wrfout/wrfout_CHPN_d03_2024-10-04_HAC.nc,2024-10-04 00:00:00,2024-10-07 00:00:00,24,2024-10-05 00:00:00,10,1,HAC,1
/home/waseem/CHOPIN_analysis/data/wrfout/wrfout_CHPN_d03_2024-10-04_NPRK.nc,2024-10-04 00:00:00,2024-10-07 00:00:00,24,2024-10-05 00:00:00,10,1,NPRK,1
/home/waseem/CHOPIN_analysis/data/wrfout/wrfout_CHPN_d03_2024-10-04_SPRK.nc,2024-10-04 00:00:00,2024-10-07 00:00:00,24,2024-10-05 00:00:00,10,1,SPRK,1
/home/waseem/CHOPIN_analysis/data/wrfout/wrfout_CHPN_d03_2024-10-05_NPRK.nc,2024-10-05 12:00:00,2024-10-08 12:00:00,24,2024-10-06 12:00:00,10,1,NPRK,1
/home/waseem/CHOPIN_analysis/data/wrfout/wrfout_CHPN_d03_2024-10-05_SPRK.nc,2024-10-05 12:00:00,2024-10-08 12:00:00,24,2024-10-06 12:00:00,10,1,SPRK,1
/home/waseem/CHOPIN_analysis/data/wrfout/wrfout_CHPN_d03_2024-10-05_HAC.nc,2024-10-05 12:00:00,2024-10-08 12:00:00,24,2024-10-06 12:00:00,10,1,HAC,1
/home/waseem/CHOPIN_analysis/data/rain_period_1/wrfout/wrfout_CHPN_d03_2024-10-06_HAC_MYJ.nc,2024-10-06 00:00:00,2024-10-09 00:00:00,24,2024-10-07 00:00:00,10,2,HAC,1
/home/waseem/CHOPIN_analysis/data/rain_period_1/wrfout/wrfout_CHPN_d03_2024-10-06_NPRK_MYNN.nc,2024-10-06 00:00:00,2024-10-09 00:00:00,24,2024-10-07 00:00:00,10,5,NPRK,1
/home/waseem/CHOPIN_analysis/data/rain_period_1/wrfout/wrfout_CHPN_d03_2024-10-06_NPRK_MYJ.nc,2024-10-06 00:00:00,2024-10-09 00:00:00,24,2024-10-07 00:00:00,10,2,NPRK,1
/home/waseem/CHOPIN_analysis/data/rain_period_1/wrfout/wrfout_CHPN_d03_2024-10-06_HAC_KEPS.nc,2024-10-06 00:00:00,2024-10-09 00:00:00,24,2024-10-07 00:00:00,10,17,HAC,1
/home/waseem/CHOPIN_analysis/data/rain_period_1/wrfout/wrfout_CHPN_d03_2024-10-06_NPRK_KEPS.nc,2024-10-06 00:00:00,2024-10-09 00:00:00,24,2024-10-07 00:00:00,10,17,NPRK,1
/home/waseem/CHOPIN_analysis/data/rain_period_1/wrfout/wrfout_CHPN_d03_2024-10-06_SPRK_SH.nc,2024-10-06 00:00:00,2024-10-09 00:00:00,24,2024-10-07 00:00:00,10,11,SPRK,1
/home/waseem/CHOPIN_analysis/data/rain_period_1/wrfout/wrfout_CHPN_d03_2024-10-06_SPRK_MYJ.nc,2024-10-06 00:00:00,2024-10-09 00:00:00,24,2024-10-07 00:00:00,10,2,SPRK,1
/home/waseem/CHOPIN_analysis/data/rain_period_1/wrfout/wrfout_CHPN_d03_2024-10-06_HAC_SH.nc,2024-10-06 00:00:00,2024-10-09 00:00:00,24,2024-10-07 00:00:00,10,11,HAC,1
/home/waseem/CHOPIN_analysis/data/rain_period_1/wrfout/wrfout_CHPN_d03_2024-10-06_NPRK_THMP.nc,2024-10-06 00:00:00,2024-10-09 00:00:00,24,2024-10-07 00:00:00,8,1,NPRK,0
/home/waseem/CHOPIN_analysis/data/rain_period_1/wrfout/wrfout_CHPN_d03_2024-10-06_HAC_THMP.nc,2024-10-06 00:00:00,2024-10-09 00:00:00,24,2024-10-07 00:00:00,8,1,HAC,0
/home/waseem/CHOPIN_analysis/data/rain_period_1/wrfout/wrfout_CHPN_d03_2024-10-06_SPRK_MYNN.nc,2024-10-06 00:00:00,2024-10-09 00:00:00,24,2024-10-07 00:00:00,10,5,SPRK,1
/home/waseem/CHOPIN_analysis/data/rain_period_1/wrfout/wrfout_CHPN_d03_2024-10-06_NPRK_SH.nc,2024-10-06 00:00:00,2024-10-09 00:00:00,24,2024-10-07 00:00:00,10,11,NPRK,1
/home/waseem/CHOPIN_analysis/data/rain_period_1/wrfout/wrfout_CHPN_d03_2024-10-06_HAC_MYNN.nc,2024-10-06 00:00:00,2024-10-09 00:00:00,24,2024-10-07 00:00:00,10,5,HAC,1
/home/waseem/CHOPIN_analysis/data/rain_period_1/wrfout/wrfout_CHPN_d03_2024-10-06_NPRK_YSU.nc,2024-10-06 00:00:00,2024-10-09 00:00:00,24,2024-10-07 00:00:00,10,1,NPRK,1
/home/waseem/CHOPIN_analysis/data/rain_period_1/wrfout/wrfout_CHPN_d03_2024-10-06_HAC_YSU.nc,2024-10-06 00:00:00,2024-10-09 00:00:00,24,2024-10-07 00:00:00,10,1,HAC,1
/home/waseem/CHOPIN_analysis/data/rain_period_1/wrfout/wrfout_CHPN_d03_2024-10-06_SPRK_YSU.nc,2024-10-06 00:00:00,2024-10-09 00:00:00,24,2024-10-07 00:00:00,10,1,SPRK,1
/home/waseem/CHOPIN_analysis/data/rain_period_1/wrfout/wrfout_CHPN_d03_2024-10-06_SPRK_THMP.nc,2024-10-06 00:00:00,2024-10-09 00:00:00,24,2024-10-07 00:00:00,8,1,SPRK,0
/home/waseem/CHOPIN_analysis/data/rain_period_1/wrfout/wrfout_CHPN_d03_2024-10-06_SPRK_KEPS.nc,2024-10-06 00:00:00,2024-10-09 00:00:00,24,2024-10-07 00:00:00,10,17,SPRK,1
/home/waseem/CHOPIN_analysis/data/wrfout/wrfout_CHPN_d03_2024-10-10_HAC.nc,2024-10-10 00:00:00,2024-10-13 00:00:00,24,2024-10-11 00:00:00,10,1,HAC,1
/home/waseem/CHOPIN_analysis/data/wrfout/wrfout_CHPN_d03_2024-10-10_SPRK.nc,2024-10-10 00:00:00,2024-10-13 00:00:00,24,2024-10-11 00:00:00,10,1,SPRK,1
/home/waseem/CHOPIN_analysis/data/wrfout/wrfout_CHPN_d03_2024-10-10_NPRK.nc,2024-10-10 00:00:00,2024-10-13 00:00:00,24,2024-10-11 00:00:00,10,1,NPRK,1
/home/waseem/CHOPIN_analysis/data/wrfout/wrfout_CHPN_d03_2024-10-12_HAC.nc,2024-10-12 00:00:00,2024-10-15 00:00:00,24,2024-10-13 00:00:00,10,1,HAC,1
/home/waseem/CHOPIN_analysis/data/wrfout/wrfout_CHPN_d03_2024-10-12_SPRK.nc,2024-10-12 00:00:00,2024-10-15 00:00:00,24,2024-10-13 00:00:00,10,1,SPRK,1
/home/waseem/CHOPIN_analysis/data/wrfout/wrfout_CHPN_d03_2024-10-12_NPRK.nc,2024-10-12 00:00:00,2024-10-15 00:00:00,24,2024-10-13 00:00:00,10,1,NPRK,1
/home/waseem/CHOPIN_analysis/data/envelopment_period_1/wrfout/wrfout_CHPN_d03_2024-10-17_NPRK_YSU.nc,2024-10-17 18:00:00,2024-10-20 18:00:00,24,2024-10-18 18:00:00,10,1,NPRK,1
/home/waseem/CHOPIN_analysis/data/envelopment_period_1/wrfout/wrfout_CHPN_d03_2024-10-17_HAC_MYNN.nc,2024-10-17 18:00:00,2024-10-20 18:00:00,24,2024-10-18 18:00:00,10,5,HAC,1
/home/waseem/CHOPIN_analysis/data/envelopment_period_1/wrfout/wrfout_CHPN_d03_2024-10-17_NPRK_MYNN.nc,2024-10-17 18:00:00,2024-10-20 18:00:00,24,2024-10-18 18:00:00,10,5,NPRK,1
/home/waseem/CHOPIN_analysis/data/envelopment_period_1/wrfout/wrfout_CHPN_d03_2024-10-17_HAC_YSU.nc,2024-10-17 18:00:00,2024-10-20 18:00:00,24,2024-10-18 18:00:00,10,1,HAC,1
/home/waseem/CHOPIN_analysis/data/envelopment_period_1/wrfout/wrfout_CHPN_d03_2024-10-17_HAC_KEPS.nc,2024-10-17 18:00:00,2024-10-20 18:00:00,24,2024-10-18 18:00:00,10,17,HAC,1
/home/waseem/CHOPIN_analysis/data/golden_days/wrfout/wrfout_CHPN_d03_2024-10-17_gd3_CONTROL_HAC.nc,2024-10-17 18:00:00,2024-10-20 18:00:00,24,2024-10-18 18:00:00,10,5,HAC,0
/home/waseem/CHOPIN_analysis/data/envelopment_period_1/wrfout/wrfout_CHPN_d03_2024-10-17_NPRK_KEPS.nc,2024-10-17 18:00:00,2024-10-20 18:00:00,24,2024-10-18 18:00:00,10,17,NPRK,1
/home/waseem/CHOPIN_analysis/data/envelopment_period_1/wrfout/wrfout_CHPN_d03_2024-10-17_SPRK_YSU.nc,2024-10-17 18:00:00,2024-10-20 18:00:00,24,2024-10-18 18:00:00,10,1,SPRK,1
/home/waseem/CHOPIN_analysis/data/envelopment_period_1/wrfout/wrfout_CHPN_d03_2024-10-17_SPRK_KEPS.nc,2024-10-17 18:00:00,2024-10-20 18:00:00,24,2024-10-18 18:00:00,10,17,SPRK,1
/home/waseem/CHOPIN_analysis/data/golden_days/wrfout/wrfout_CHPN_d03_2024-10-17_gd3_CONTROL_NPRK.nc,2024-10-17 18:00:00,2024-10-20 18:00:00,24,2024-10-18 18:00:00,10,5,NPRK,0
/home/waseem/CHOPIN_analysis/data/golden_days/wrfout/wrfout_CHPN_d03_2024-10-17_gd3_CONTROL_SPRK.nc,2024-10-17 18:00:00,2024-10-20 18:00:00,24,2024-10-18 18:00:00,10,5,SPRK,0
/home/waseem/CHOPIN_analysis/data/envelopment_period_1/wrfout/wrfout_CHPN_d03_2024-10-17_SPRK_MYNN.nc,2024-10-17 18:00:00,2024-10-20 18:00:00,24,2024-10-18 18:00:00,10,5,SPRK,1
/home/waseem/CHOPIN_analysis/data/wrfout/wrfout_CHPN_d03_2024-10-16_HAC.nc,2024-10-19 00:05:00,2024-10-21 00:00:00,24,2024-10-20 00:05:00,10,1,HAC,1
/home/waseem/CHOPIN_analysis/data/wrfout/wrfout_CHPN_d03_2024-10-16_NPRK.nc,2024-10-19 00:05:00,2024-10-21 00:00:00,24,2024-10-20 00:05:00,10,1,NPRK,1
/home/waseem/CHOPIN_analysis/data/wrfout/wrfout_CHPN_d03_2024-10-16_SPRK.nc,2024-10-19 00:05:00,2024-10-21 00:00:00,24,2024-10-20 00:05:00,10,1,SPRK,1
/home/waseem/CHOPIN_analysis/data/wrfout/wrfout_CHPN_d03_2024-10-20_HAC.nc,2024-10-20 00:00:00,2024-10-23 00:00:00,24,2024-10-21 00:00:00,10,1,HAC,1
/home/waseem/CHOPIN_analysis/data/wrfout/wrfout_CHPN_d03_2024-10-23_NPRK.nc,2024-10-20 00:00:00,2024-10-23 00:00:00,24,2024-10-21 00:00:00,10,1,NPRK,1
/home/waseem/CHOPIN_analysis/data/wrfout/wrfout_CHPN_d03_2024-10-23_SPRK.nc,2024-10-20 00:00:00,2024-10-23 00:00:00,24,2024-10-21 00:00:00,10,1,SPRK,1
/home/waseem/CHOPIN_analysis/data/wrfout/wrfout_CHPN_d03_2024-10-23_HAC.nc,2024-10-20 00:00:00,2024-10-23 00:00:00,24,2024-10-21 00:00:00,10,1,HAC,1
/home/waseem/CHOPIN_analysis/data/wrfout/wrfout_CHPN_d03_2024-10-20_NPRK.nc,2024-10-20 00:00:00,2024-10-23 00:00:00,24,2024-10-21 00:00:00,10,1,NPRK,1
/home/waseem/CHOPIN_analysis/data/wrfout/wrfout_CHPN_d03_2024-10-20_SPRK.nc,2024-10-20 00:00:00,2024-10-23 00:00:00,24,2024-10-21 00:00:00,10,1,SPRK,1
/home/waseem/CHOPIN_analysis/data/golden_days/wrfout/wrfout_CHPN_d03_2024-10-21_gd1_CONTROL_HAC.nc,2024-10-21 00:00:00,2024-10-24 00:00:00,24,2024-10-22 00:00:00,10,5,HAC,0
/home/waseem/CHOPIN_analysis/data/golden_days/wrfout/wrfout_CHPN_d03_2024-10-21_gd1_SIP_SPRK.nc,2024-10-21 00:00:00,2024-10-24 00:00:00,24,2024-10-22 00:00:00,10,5,SPRK,1
/home/waseem/CHOPIN_analysis/data/golden_days/wrfout/wrfout_CHPN_d03_2024-10-21_gd1_SIP_NPRK.nc,2024-10-21 00:00:00,2024-10-24 00:00:00,24,2024-10-22 00:00:00,10,5,NPRK,1
/home/waseem/CHOPIN_analysis/data/golden_days/wrfout/wrfout_CHPN_d03_2024-10-21_gd1_SIP_HAC.nc,2024-10-21 00:00:00,2024-10-24 00:00:00,24,2024-10-22 00:00:00,10,5,HAC,1
/home/waseem/CHOPIN_analysis/data/golden_days/wrfout/wrfout_CHPN_d03_2024-10-21_gd1_CONTROL_SPRK.nc,2024-10-21 00:00:00,2024-10-24 00:00:00,24,2024-10-22 00:00:00,10,5,SPRK,0
/home/waseem/CHOPIN_analysis/data/golden_days/wrfout/wrfout_CHPN_d03_2024-10-21_gd1_CONTROL_NPRK.nc,2024-10-21 00:00:00,2024-10-24 00:00:00,24,2024-10-22 00:00:00,10,5,NPRK,0
/home/waseem/CHOPIN_analysis/data/wrfout/wrfout_CHPN_d03_2024-10-24_NPRK.nc,2024-10-24 00:00:00,2024-10-27 00:00:00,24,2024-10-25 00:00:00,10,1,NPRK,1
/home/waseem/CHOPIN_analysis/data/wrfout/wrfout_CHPN_d03_2024-10-24_SPRK.nc,2024-10-24 00:00:00,2024-10-27 00:00:00,24,2024-10-25 00:00:00,10,1,SPRK,1
/home/waseem/CHOPIN_analysis/data/wrfout/wrfout_CHPN_d03_2024-10-24_HAC.nc,2024-10-24 00:00:00,2024-10-27 00:00:00,24,2024-10-25 00:00:00,10,1,HAC,1
/home/waseem/CHOPIN_analysis/data/golden_days/wrfout/wrfout_CHPN_d03_2024-10-27_gd1_2_CONTROL_SPRK.nc,2024-10-27 00:00:00,2024-10-30 00:00:00,24,2024-10-28 00:00:00,10,5,SPRK,0
/home/waseem/CHOPIN_analysis/data/golden_days/wrfout/wrfout_CHPN_d03_2024-10-27_gd1_2_CONTROL_NPRK.nc,2024-10-27 00:00:00,2024-10-30 00:00:00,24,2024-10-28 00:00:00,10,5,NPRK,0
/home/waseem/CHOPIN_analysis/data/golden_days/wrfout/wrfout_CHPN_d03_2024-10-27_gd1_2_SIP_HAC.nc,2024-10-27 00:00:00,2024-10-30 00:00:00,24,2024-10-28 00:00:00,10,5,HAC,1
/home/waseem/CHOPIN_analysis/data/golden_days/wrfout/wrfout_CHPN_d03_2024-10-27_gd1_2_CONTROL_HAC.nc,2024-10-27 00:00:00,2024-10-30 00:00:00,24,2024-10-28 00:00:00,10,5,HAC,0
/home/waseem/CHOPIN_analysis/data/golden_days/wrfout/wrfout_CHPN_d03_2024-10-27_gd1_2_SIP_NPRK.nc,2024-10-27 00:00:00,2024-10-30 00:00:00,24,2024-10-28 00:00:00,10,5,NPRK,1
/home/waseem/CHOPIN_analysis/data/golden_days/wrfout/wrfout_CHPN_d03_2024-10-27_gd1_2_SIP_SPRK.nc,2024-10-27 00:00:00,2024-10-30 00:00:00,24,2024-10-28 00:00:00,10,5,SPRK,1
/home/waseem/CHOPIN_analysis/data/clear_period_1/wrfout/wrfout_CHPN_d03_2024-10-27_NPRK_YSU.nc,2024-10-27 18:00:00,2024-10-30 18:00:00,24,2024-10-28 18:00:00,10,1,NPRK,1
/home/waseem/CHOPIN_analysis/data/clear_period_1/wrfout/wrfout_CHPN_d03_2024-10-27_HAC_YSU.nc,2024-10-27 18:00:00,2024-10-30 18:00:00,24,2024-10-28 18:00:00,10,1,HAC,1
/home/waseem/CHOPIN_analysis/data/wrfout/wrfout_CHPN_d03_2024-10-27_SPRK.nc,2024-10-27 18:00:00,2024-10-30 18:00:00,24,2024-10-28 18:00:00,10,1,SPRK,1
/home/waseem/CHOPIN_analysis/data/clear_period_1/wrfout/wrfout_CHPN_d03_2024-10-27_NPRK_KEPS.nc,2024-10-27 18:00:00,2024-10-30 18:00:00,24,2024-10-28 18:00:00,10,17,NPRK,1
/home/waseem/CHOPIN_analysis/data/clear_period_1/wrfout/wrfout_CHPN_d03_2024-10-27_HAC_KEPS.nc,2024-10-27 18:00:00,2024-10-30 18:00:00,24,2024-10-28 18:00:00,10,17,HAC,1
/home/waseem/CHOPIN_analysis/data/clear_period_1/wrfout/wrfout_CHPN_d03_2024-10-27_SPRK_KEPS.nc,2024-10-27 18:00:00,2024-10-30 18:00:00,24,2024-10-28 18:00:00,10,17,SPRK,1
/home/waseem/CHOPIN_analysis/data/clear_period_1/wrfout/wrfout_CHPN_d03_2024-10-27_HAC_MYNN.nc,2024-10-27 18:00:00,2024-10-30 18:00:00,24,2024-10-28 18:00:00,10,5,HAC,1
/home/waseem/CHOPIN_analysis/data/clear_period_1/wrfout/wrfout_CHPN_d03_2024-10-27_SPRK_YSU.nc,2024-10-27 18:00:00,2024-10-30 18:00:00,24,2024-10-28 18:00:00,10,1,SPRK,1
/home/waseem/CHOPIN_analysis/data/wrfout/wrfout_CHPN_d03_2024-10-27_NPRK.nc,2024-10-27 18:00:00,2024-10-30 18:00:00,24,2024-10-28 18:00:00,10,1,NPRK,1
/home/waseem/CHOPIN_analysis/data/clear_period_1/wrfout/wrfout_CHPN_d03_2024-10-27_SPRK_MYNN.nc,2024-10-27 18:00:00,2024-10-30 18:00:00,24,2024-10-28 18:00:00,10,5,SPRK,1
/home/waseem/CHOPIN_analysis/data/clear_period_1/wrfout/wrfout_CHPN_d03_2024-10-27_NPRK_MYNN.nc,2024-10-27 18:00:00,2024-10-30 18:00:00,24,2024-10-28 18:00:00,10,5,NPRK,1
/home/waseem/CHOPIN_analysis/data/wrfout/wrfout_CHPN_d03_2024-10-29_MYNN_SPRK.nc,2024-10-29 18:00:00,2024-11-01 18:00:00,24,2024-10-30 18:00:00,10,5,SPRK,1
/home/waseem/CHOPIN_analysis/data/wrfout/wrfout_CHPN_d03_2024-10-29_HAC.nc,2024-10-29 18:00:00,2024-11-01 18:00:00,24,2024-10-30 18:00:00,10,1,HAC,1
/home/waseem/CHOPIN_analysis/data/wrfout/wrfout_CHPN_d03_2024-10-29_SPRK.nc,2024-10-29 18:00:00,2024-11-01 18:00:00,24,2024-10-30 18:00:00,10,1,SPRK,1
/home/waseem/CHOPIN_analysis/data/wrfout/wrfout_CHPN_d03_2024-10-29_MYNN_NPRK.nc,2024-10-29 18:00:00,2024-11-01 18:00:00,24,2024-10-30 18:00:00,10,5,NPRK,1
/home/waseem/CHOPIN_analysis/data/wrfout/wrfout_CHPN_d03_2024-10-29_NPRK.nc,2024-10-29 18:00:00,2024-11-01 18:00:00,24,2024-10-30 18:00:00,10,1,NPRK,1
/home/waseem/CHOPIN_analysis/data/wrfout/wrfout_CHPN_d03_2024-10-29_MYNN_HAC.nc,2024-10-29 18:00:00,2024-11-01 18:00:00,24,2024-10-30 18:00:00,10,5,HAC,1
/home/waseem/CHOPIN_analysis/data/wrfout/wrfout_CHPN_d03_2024-11-03_SPRK.nc,2024-11-03 00:00:00,2024-11-06 00:00:00,24,2024-11-04 00:00:00,10,1,SPRK,1
/home/waseem/CHOPIN_analysis/data/wrfout/wrfout_CHPN_d03_2024-11-03_HAC.nc,2024-11-03 00:00:00,2024-11-06 00:00:00,24,2024-11-04 00:00:00,10,1,HAC,1
/home/waseem/CHOPIN_analysis/data/wrfout/wrfout_CHPN_d03_2024-11-03_MYNN_NPRK.nc,2024-11-03 00:00:00,2024-11-06 00:00:00,24,2024-11-04 00:00:00,10,5,NPRK,1
/home/waseem/CHOPIN_analysis/data/wrfout/wrfout_CHPN_d03_2024-11-03_MYNN_HAC.nc,2024-11-03 00:00:00,2024-11-06 00:00:00,24,2024-11-04 00:00:00,10,5,HAC,1
/home/waseem/CHOPIN_analysis/data/wrfout/wrfout_CHPN_d03_2024-11-03_NPRK.nc,2024-11-03 00:00:00,2024-11-06 00:00:00,24,2024-11-04 00:00:00,10,1,NPRK,1
/home/waseem/CHOPIN_analysis/data/wrfout/wrfout_CHPN_d03_2024-11-03_MYNN_SPRK.nc,2024-11-03 00:00:00,2024-11-06 00:00:00,24,2024-11-04 00:00:00,10,5,SPRK,1
/home/waseem/CHOPIN_analysis/data/wrfout/wrfout_CHPN_d03_2024-11-09_CONTROL_SPRK.nc,2024-11-09 00:00:00,2024-11-12 00:00:00,24,2024-11-10 00:00:00,10,5,SPRK,0
/home/waseem/CHOPIN_analysis/data/wrfout/wrfout_CHPN_d03_2024-11-09_CONTROL_NPRK.nc,2024-11-09 00:00:00,2024-11-12 00:00:00,24,2024-11-10 00:00:00,10,5,NPRK,0
/home/waseem/CHOPIN_analysis/data/wrfout/wrfout_CHPN_d03_2024-11-09_CONTROL_HAC.nc,2024-11-09 00:00:00,2024-11-12 00:00:00,24,2024-11-10 00:00:00,10,5,HAC,0
/home/waseem/CHOPIN_analysis/data/golden_days/wrfout/wrfout_CHPN_d03_2024-11-10_gd5_SIP_NPRK.nc,2024-11-10 12:00:00,2024-11-13 12:00:00,24,2024-11-11 12:00:00,10,5,NPRK,1
/home/waseem/CHOPIN_analysis/data/golden_days/wrfout/wrfout_CHPN_d03_2024-11-10_gd5_CONTROL_SPRK.nc,2024-11-10 12:00:00,2024-11-13 12:00:00,24,2024-11-11 12:00:00,10,5,SPRK,0
/home/waseem/CHOPIN_analysis/data/golden_days/wrfout/wrfout_CHPN_d03_2024-11-10_gd5_CONTROL_HAC.nc,2024-11-10 12:00:00,2024-11-13 12:00:00,24,2024-11-11 12:00:00,10,5,HAC,0
/home/waseem/CHOPIN_analysis/data/golden_days/wrfout/wrfout_CHPN_d03_2024-11-10_gd5_SIP_SPRK.nc,2024-11-10 12:00:00,2024-11-13 12:00:00,24,2024-11-11 12:00:00,10,5,SPRK,1
/home/waseem/CHOPIN_analysis/data/golden_days/wrfout/wrfout_CHPN_d03_2024-11-10_gd5_CONTROL_NPRK.nc,2024-11-10 12:00:00,2024-11-13 12:00:00,24,2024-11-11 12:00:00,10,5,NPRK,0
/home/waseem/CHOPIN_analysis/data/golden_days/wrfout/wrfout_CHPN_d03_2024-11-10_gd5_SIP_HAC.nc,2024-11-10 12:00:00,2024-11-13 12:00:00,24,2024-11-11 12:00:00,10,5,HAC,1
/home/waseem/CHOPIN_analysis/data/wrfout/wrfout_CHPN_d03_2024-11-11_CONTROL_NPRK.nc,2024-11-11 00:00:00,2024-11-14 00:00:00,24,2024-11-12 00:00:00,10,5,NPRK,0
/home/waseem/CHOPIN_analysis/data/wrfout/wrfout_CHPN_d03_2024-11-11_CONTROL_SPRK.nc,2024-11-11 00:00:00,2024-11-14 00:00:00,24,2024-11-12 00:00:00,10,5,SPRK,0
/home/waseem/CHOPIN_analysis/data/wrfout/wrfout_CHPN_d03_2024-11-11_CONTROL_HAC.nc,2024-11-11 00:00:00,2024-11-14 00:00:00,24,2024-11-12 00:00:00,10,5,HAC,0
/home/waseem/CHOPIN_analysis/data/wrfout/wrfout_CHPN_d03_2024-11-13_CONTROL_SPRK.nc,2024-11-13 00:00:00,2024-11-16 00:00:00,24,2024-11-14 00:00:00,10,5,SPRK,0
/home/waseem/CHOPIN_analysis/data/wrfout/wrfout_CHPN_d03_2024-11-13_CONTROL_NPRK.nc,2024-11-13 00:00:00,2024-11-16 00:00:00,24,2024-11-14 00:00:00,10,5,NPRK,0
/home/waseem/CHOPIN_analysis/data/wrfout/wrfout_CHPN_d03_2024-11-13_CONTROL_HAC.nc,2024-11-13 00:00:00,2024-11-16 00:00:00,24,2024-11-14 00:00:00,10,5,HAC,0
/home/waseem/CHOPIN_analysis/data/wrfout/wrfout_CHPN_d03_2024-11-15_CONTROL_HAC.nc,2024-11-15 00:00:00,2024-11-18 00:00:00,24,2024-11-16 00:00:00,10,5,HAC,0
/home/waseem/CHOPIN_analysis/data/wrfout/wrfout_CHPN_d03_2024-11-15_CONTROL_NPRK.nc,2024-11-15 00:00:00,2024-11-18 00:00:00,24,2024-11-16 00:00:00,10,5,NPRK,0
/home/waseem/CHOPIN_analysis/data/wrfout/wrfout_CHPN_d03_2024-11-15_CONTROL_SPRK.nc,2024-11-15 00:00:00,2024-11-18 00:00:00,24,2024-11-16 00:00:00,10,5,SPRK,0
/home/waseem/CHOPIN_analysis/data/wrfout/wrfout_CHPN_d03_2024-11-17_CONTROL_NPRK.nc,2024-11-17 00:00:00,2024-11-20 00:00:00,24,2024-11-18 00:00:00,10,5,NPRK,0
/home/waseem/CHOPIN_analysis/data/wrfout/wrfout_CHPN_d03_2024-11-17_CONTROL_HAC.nc,2024-11-17 00:00:00,2024-11-20 00:00:00,24,2024-11-18 00:00:00,10,5,HAC,0
/home/waseem/CHOPIN_analysis/data/wrfout/wrfout_CHPN_d03_2024-11-17_CONTROL_SPRK.nc,2024-11-17 00:00:00,2024-11-20 00:00:00,24,2024-11-18 00:00:00,10,5,SPRK,0
/home/waseem/CHOPIN_analysis/data/wrfout/wrfout_CHPN_d03_2024-11-19_SIP_HAC.nc,2024-11-19 00:00:00,2024-11-22 00:00:00,24,2024-11-20 00:00:00,10,5,HAC,1
/home/waseem/CHOPIN_analysis/data/wrfout/wrfout_CHPN_d03_2024-11-19_CONTROL_NPRK.nc,2024-11-19 00:00:00,2024-11-22 00:00:00,24,2024-11-20 00:00:00,10,5,NPRK,0
/home/waseem/CHOPIN_analysis/data/wrfout/wrfout_CHPN_d03_2024-11-19_SIP_NPRK.nc,2024-11-19 00:00:00,2024-11-22 00:00:00,24,2024-11-20 00:00:00,10,5,NPRK,1
/home/waseem/CHOPIN_analysis/data/wrfout/wrfout_CHPN_d03_2024-11-19_CONTROL_HAC.nc,2024-11-19 00:00:00,2024-11-22 00:00:00,24,2024-11-20 00:00:00,10,5,HAC,0
/home/waseem/CHOPIN_analysis/data/wrfout/wrfout_CHPN_d03_2024-11-19_CONTROL_SPRK.nc,2024-11-19 00:00:00,2024-11-22 00:00:00,24,2024-11-20 00:00:00,10,5,SPRK,0
/home/waseem/CHOPIN_analysis/data/wrfout/wrfout_CHPN_d03_2024-11-19_SIP_SPRK.nc,2024-11-19 00:00:00,2024-11-22 00:00:00,24,2024-11-20 00:00:00,10,5,SPRK,1
/home/waseem/CHOPIN_analysis/data/wrfout/wrfout_CHPN_d03_2024-11-21_SIP_HAC.nc,2024-11-21 00:00:00,2024-11-24 00:00:00,24,2024-11-22 00:00:00,10,5,HAC,1
/home/waseem/CHOPIN_analysis/data/wrfout/wrfout_CHPN_d03_2024-11-21_CONTROL_SPRK.nc,2024-11-21 00:00:00,2024-11-24 00:00:00,24,2024-11-22 00:00:00,10,5,SPRK,0
/home/waseem/CHOPIN_analysis/data/wrfout/wrfout_CHPN_d03_2024-11-21_CONTROL_NPRK.nc,2024-11-21 00:00:00,2024-11-24 00:00:00,24,2024-11-22 00:00:00,10,5,NPRK,0
/home/waseem/CHOPIN_analysis/data/wrfout/wrfout_CHPN_d03_2024-11-21_CONTROL_HAC.nc,2024-11-21 00:00:00,2024-11-24 00:00:00,24,2024-11-22 00:00:00,10,5,HAC,0
/home/waseem/CHOPIN_analysis/data/wrfout/wrfout_CHPN_d03_2024-11-21_SIP_NPRK.nc,2024-11-21 00:00:00,2024-11-24 00:00:00,24,2024-11-22 00:00:00,10,5,NPRK,1
/home/waseem/CHOPIN_analysis/data/wrfout/wrfout_CHPN_d03_2024-11-21_SIP_SPRK.nc,2024-11-21 00:00:00,2024-11-24 00:00:00,24,2024-11-22 00:00:00,10,5,SPRK,1
/home/waseem/CHOPIN_analysis/data/golden_days/wrfout/wrfout_CHPN_d03_2024-11-23_gd0_SIP_SPRK.nc,2024-11-23 00:00:00,2024-11-25 12:00:00,24,2024-11-24 00:00:00,10,5,SPRK,1
/home/waseem/CHOPIN_analysis/data/golden_days/wrfout/wrfout_CHPN_d03_2024-11-23_gd0_CONTROL_NPRK.nc,2024-11-23 00:00:00,2024-11-25 12:00:00,24,2024-11-24 00:00:00,10,5,NPRK,0
/home/waseem/CHOPIN_analysis/data/golden_days/wrfout/wrfout_CHPN_d03_2024-11-23_gd0_SIP_NPRK.nc,2024-11-23 00:00:00,2024-11-25 12:00:00,24,2024-11-24 00:00:00,10,5,NPRK,1
/home/waseem/CHOPIN_analysis/data/golden_days/wrfout/wrfout_CHPN_d03_2024-11-23_gd0_CONTROL_HAC.nc,2024-11-23 00:00:00,2024-11-25 12:00:00,24,2024-11-24 00:00:00,10,5,HAC,0
/home/waseem/CHOPIN_analysis/data/golden_days/wrfout/wrfout_CHPN_d03_2024-11-23_gd0_SIP_HAC.nc,2024-11-23 00:00:00,2024-11-25 12:00:00,24,2024-11-24 00:00:00,10,5,HAC,1
/home/waseem/CHOPIN_analysis/data/golden_days/wrfout/wrfout_CHPN_d03_2024-11-23_gd0_CONTROL_SPRK.nc,2024-11-23 00:00:00,2024-11-25 12:00:00,24,2024-11-24 00:00:00,10,5,SPRK,0
/home/waseem/CHOPIN_analysis/data/wrfout/wrfout_CHPN_d03_2024-11-28_CONTROL_SPRK.nc,2024-11-28 06:00:00,2024-12-01 06:00:00,24,2024-11-29 06:00:00,10,5,SPRK,0
/home/waseem/CHOPIN_analysis/data/wrfout/wrfout_CHPN_d03_2024-11-28_SIP_HAC.nc,2024-11-28 06:00:00,2024-12-01 06:00:00,24,2024-11-29 06:00:00,10,5,HAC,1
/home/waseem/CHOPIN_analysis/data/wrfout/wrfout_CHPN_d03_2024-11-28_SIP_SPRK.nc,2024-11-28 06:00:00,2024-12-01 06:00:00,24,2024-11-29 06:00:00,10,5,SPRK,1
/home/waseem/CHOPIN_analysis/data/wrfout/wrfout_CHPN_d03_2024-11-28_CONTROL_NPRK.nc,2024-11-28 06:00:00,2024-12-01 06:00:00,24,2024-11-29 06:00:00,10,5,NPRK,0
/home/waseem/CHOPIN_analysis/data/wrfout/wrfout_CHPN_d03_2024-11-28_SIP_NPRK.nc,2024-11-28 06:00:00,2024-12-01 06:00:00,24,2024-11-29 06:00:00,10,5,NPRK,1
/home/waseem/CHOPIN_analysis/data/wrfout/wrfout_CHPN_d03_2024-11-28_CONTROL_HAC.nc,2024-11-28 06:00:00,2024-12-01 06:00:00,24,2024-11-29 06:00:00,10,5,HAC,0
/home/waseem/CHOPIN_analysis/data/golden_days/wrfout/wrfout_CHPN_d03_2024-11-29_gd5_2_CONTROL_NPRK.nc,2024-11-29 00:00:00,2024-12-01 00:00:00,24,2024-11-30 00:00:00,10,5,NPRK,0
/home/waseem/CHOPIN_analysis/data/golden_days/wrfout/wrfout_CHPN_d03_2024-11-29_gd5_2_SIP_HAC.nc,2024-11-29 00:00:00,2024-12-01 00:00:00,24,2024-11-30 00:00:00,10,5,HAC,1
/home/waseem/CHOPIN_analysis/data/golden_days/wrfout/wrfout_CHPN_d03_2024-11-29_gd5_2_SIP_SPRK.nc,2024-11-29 00:00:00,2024-12-01 00:00:00,24,2024-11-30 00:00:00,10,5,SPRK,1
/home/waseem/CHOPIN_analysis/data/golden_days/wrfout/wrfout_CHPN_d03_2024-11-29_gd5_2_CONTROL_SPRK.nc,2024-11-29 00:00:00,2024-12-01 00:00:00,24,2024-11-30 00:00:00,10,5,SPRK,0
/home/waseem/CHOPIN_analysis/data/golden_days/wrfout/wrfout_CHPN_d03_2024-11-29_gd5_2_CONTROL_HAC.nc,2024-11-29 00:00:00,2024-12-01 00:00:00,24,2024-11-30 00:00:00,10,5,HAC,0
/home/waseem/CHOPIN_analysis/data/golden_days/wrfout/wrfout_CHPN_d03_2024-11-29_gd5_2_SIP_NPRK.nc,2024-11-29 00:00:00,2024-12-01 00:00:00,24,2024-11-30 00:00:00,10,5,NPRK,1
/home/waseem/CHOPIN_analysis/data/wrfout/wrfout_CHPN_d03_2024-11-30_CONTROL_NPRK.nc,2024-11-30 00:00:00,2024-12-03 00:00:00,24,2024-12-01 00:00:00,10,5,NPRK,0
/home/waseem/CHOPIN_analysis/data/wrfout/wrfout_CHPN_d03_2024-11-30_CONTROL_HAC.nc,2024-11-30 00:00:00,2024-12-03 00:00:00,24,2024-12-01 00:00:00,10,5,HAC,0
/home/waseem/CHOPIN_analysis/data/wrfout/wrfout_CHPN_d03_2024-11-30_CONTROL_SPRK.nc,2024-11-30 00:00:00,2024-12-03 00:00:00,24,2024-12-01 00:00:00,10,5,SPRK,0
/home/waseem/CHOPIN_analysis/data/wrfout/wrfout_CHPN_d03_2024-11-30_SIP_NPRK.nc,2024-11-30 00:00:00,2024-12-03 00:00:00,24,2024-12-01 00:00:00,10,5,NPRK,1
/home/waseem/CHOPIN_analysis/data/wrfout/wrfout_CHPN_d03_2024-11-30_SIP_SPRK.nc,2024-11-30 00:00:00,2024-12-03 00:00:00,24,2024-12-01 00:00:00,10,5,SPRK,1
/home/waseem/CHOPIN_analysis/data/wrfout/wrfout_CHPN_d03_2024-11-30_SIP_HAC.nc,2024-11-30 00:00:00,2024-12-03 00:00:00,24,2024-12-01 00:00:00,10,5,HAC,1
/home/waseem/CHOPIN_analysis/data/wrfout/wrfout_CHPN_d03_2024-12-03_CONTROL_NPRK.nc,2024-12-03 18:00:00,2024-12-06 18:00:00,24,2024-12-04 18:00:00,10,5,NPRK,0
/home/waseem/CHOPIN_analysis/data/wrfout/wrfout_CHPN_d03_2024-12-03_CONTROL_HAC.nc,2024-12-03 18:00:00,2024-12-06 18:00:00,24,2024-12-04 18:00:00,10,5,HAC,0
/home/waseem/CHOPIN_analysis/data/wrfout/wrfout_CHPN_d03_2024-12-03_SIP_HAC.nc,2024-12-03 18:00:00,2024-12-06 18:00:00,24,2024-12-04 18:00:00,10,5,HAC,1
/home/waseem/CHOPIN_analysis/data/wrfout/wrfout_CHPN_d03_2024-12-03_SIP_SPRK.nc,2024-12-03 18:00:00,2024-12-06 18:00:00,24,2024-12-04 18:00:00,10,5,SPRK,1
/home/waseem/CHOPIN_analysis/data/wrfout/wrfout_CHPN_d03_2024-12-03_CONTROL_SPRK.nc,2024-12-03 18:00:00,2024-12-06 18:00:00,24,2024-12-04 18:00:00,10,5,SPRK,0
/home/waseem/CHOPIN_analysis/data/wrfout/wrfout_CHPN_d03_2024-12-03_SIP_NPRK.nc,2024-12-03 18:00:00,2024-12-06 18:00:00,24,2024-12-04 18:00:00,10,5,NPRK,1
/home/waseem/CHOPIN_analysis/data/golden_days/wrfout/wrfout_CHPN_d03_2024-12-07_gd4_SIP_HAC.nc,2024-12-07 12:00:00,2024-12-10 12:00:00,24,2024-12-08 12:00:00,10,5,HAC,1
/home/waseem/CHOPIN_analysis/data/golden_days/wrfout/wrfout_CHPN_d03_2024-12-07_gd4_CONTROL_SPRK.nc,2024-12-07 12:00:00,2024-12-10 12:00:00,24,2024-12-08 12:00:00,10,5,SPRK,0
/home/waseem/CHOPIN_analysis/data/golden_days/wrfout/wrfout_CHPN_d03_2024-12-07_gd4_SIP_NPRK.nc,2024-12-07 12:00:00,2024-12-10 12:00:00,24,2024-12-08 12:00:00,10,5,NPRK,1
/home/waseem/CHOPIN_analysis/data/golden_days/wrfout/wrfout_CHPN_d03_2024-12-07_gd4_CONTROL_HAC.nc,2024-12-07 12:00:00,2024-12-10 12:00:00,24,2024-12-08 12:00:00,10,5,HAC,0
/home/waseem/CHOPIN_analysis/data/golden_days/wrfout/wrfout_CHPN_d03_2024-12-07_gd4_CONTROL_NPRK.nc,2024-12-07 12:00:00,2024-12-10 12:00:00,24,2024-12-08 12:00:00,10,5,NPRK,0
/home/waseem/CHOPIN_analysis/data/golden_days/wrfout/wrfout_CHPN_d03_2024-12-07_gd4_SIP_SPRK.nc,2024-12-07 12:00:00,2024-12-10 12:00:00,24,2024-12-08 12:00:00,10,5,SPRK,1
/home/waseem/CHOPIN_analysis/data/wrfout/wrfout_CHPN_d03_2024-12-13_CONTROL_NPRK.nc,2024-12-13 12:00:00,2024-12-16 12:00:00,24,2024-12-14 12:00:00,10,5,NPRK,0
/home/waseem/CHOPIN_analysis/data/wrfout/wrfout_CHPN_d03_2024-12-13_CONTROL_HAC.nc,2024-12-13 12:00:00,2024-12-16 12:00:00,24,2024-12-14 12:00:00,10,5,HAC,0
/home/waseem/CHOPIN_analysis/data/wrfout/wrfout_CHPN_d03_2024-12-13_SIP_SPRK.nc,2024-12-13 12:00:00,2024-12-16 12:00:00,24,2024-12-14 12:00:00,10,5,SPRK,1
/home/waseem/CHOPIN_analysis/data/wrfout/wrfout_CHPN_d03_2024-12-13_SIP_NPRK.nc,2024-12-13 12:00:00,2024-12-16 12:00:00,24,2024-12-14 12:00:00,10,5,NPRK,1
/home/waseem/CHOPIN_analysis/data/wrfout/wrfout_CHPN_d03_2024-12-13_CONTROL_SPRK.nc,2024-12-13 12:00:00,2024-12-16 12:00:00,24,2024-12-14 12:00:00,10,5,SPRK,0
/home/waseem/CHOPIN_analysis/data/wrfout/wrfout_CHPN_d03_2024-12-13_SIP_HAC.nc,2024-12-13 12:00:00,2024-12-16 12:00:00,24,2024-12-14 12:00:00,10,5,HAC,1
/home/waseem/CHOPIN_analysis/data/golden_days/wrfout/wrfout_CHPN_d03_2024-12-18_gd2_CONTROL_NPRK.nc,2024-12-18 00:00:00,2024-12-20 12:00:00,24,2024-12-19 00:00:00,10,5,NPRK,0
/home/waseem/CHOPIN_analysis/data/golden_days/wrfout/wrfout_CHPN_d03_2024-12-18_gd2_CONTROL_HAC.nc,2024-12-18 00:00:00,2024-12-20 12:00:00,24,2024-12-19 00:00:00,10,5,HAC,0
/home/waseem/CHOPIN_analysis/data/golden_days/wrfout/wrfout_CHPN_d03_2024-12-18_gd2_CONTROL_SPRK.nc,2024-12-18 00:00:00,2024-12-20 12:00:00,24,2024-12-19 00:00:00,10,5,SPRK,0
/home/waseem/CHOPIN_analysis/data/golden_days/wrfout/wrfout_CHPN_d03_2024-12-18_gd2_SIP_NPRK.nc,2024-12-18 00:00:00,2024-12-20 12:00:00,24,2024-12-19 00:00:00,10,5,NPRK,1
/home/waseem/CHOPIN_analysis/data/golden_days/wrfout/wrfout_CHPN_d03_2024-12-18_gd2_SIP_HAC.nc,2024-12-18 00:00:00,2024-12-20 12:00:00,24,2024-12-19 00:00:00,10,5,HAC,1
/home/waseem/CHOPIN_analysis/data/golden_days/wrfout/wrfout_CHPN_d03_2024-12-18_gd2_SIP_SPRK.nc,2024-12-18 00:00:00,2024-12-20 12:00:00,24,2024-12-19 00:00:00,10,5,SPRK,1
/home/waseem/CHOPIN_analysis/data/wrfout/wrfout_CHPN_d03_2024-12-19_CONTROL_SPRK.nc,2024-12-19 00:00:00,2024-12-22 00:00:00,24,2024-12-20 00:00:00,10,5,SPRK,0
/home/waseem/CHOPIN_analysis/data/wrfout/wrfout_CHPN_d03_2024-12-19_SIP_SPRK.nc,2024-12-19 00:00:00,2024-12-22 00:00:00,24,2024-12-20 00:00:00,10,5,SPRK,1
/home/waseem/CHOPIN_analysis/data/wrfout/wrfout_CHPN_d03_2024-12-19_SIP_HAC.nc,2024-12-19 00:00:00,2024-12-22 00:00:00,24,2024-12-20 00:00:00,10,5,HAC,1
/home/waseem/CHOPIN_analysis/data/wrfout/wrfout_CHPN_d03_2024-12-19_CONTROL_NPRK.nc,2024-12-19 00:00:00,2024-12-22 00:00:00,24,2024-12-20 00:00:00,10,5,NPRK,0
/home/waseem/CHOPIN_analysis/data/wrfout/wrfout_CHPN_d03_2024-12-19_CONTROL_HAC.nc,2024-12-19 00:00:00,2024-12-22 00:00:00,24,2024-12-20 00:00:00,10,5,HAC,0
/home/waseem/CHOPIN_analysis/data/wrfout/wrfout_CHPN_d03_2024-12-19_SIP_NPRK.nc,2024-12-19 00:00:00,2024-12-22 00:00:00,24,2024-12-20 00:00:00,10,5,NPRK,1
/home/waseem/CHOPIN_analysis/data/wrfout/wrfout_CHPN_d03_2024-12-21_CONTROL_NPRK.nc,2024-12-21 00:00:00,2024-12-23 00:00:00,24,2024-12-22 00:00:00,10,5,NPRK,0
/home/waseem/CHOPIN_analysis/data/wrfout/wrfout_CHPN_d03_2024-12-21_SIP_NPRK.nc,2024-12-21 00:00:00,2024-12-23 00:00:00,24,2024-12-22 00:00:00,10,5,NPRK,1
/home/waseem/CHOPIN_analysis/data/wrfout/wrfout_CHPN_d03_2024-12-21_SIP_SPRK.nc,2024-12-21 00:00:00,2024-12-23 00:00:00,24,2024-12-22 00:00:00,10,5,SPRK,1
/home/waseem/CHOPIN_analysis/data/wrfout/wrfout_CHPN_d03_2024-12-21_CONTROL_HAC.nc,2024-12-21 00:00:00,2024-12-23 00:00:00,24,2024-12-22 00:00:00,10,5,HAC,0
/home/waseem/CHOPIN_analysis/data/wrfout/wrfout_CHPN_d03_2024-12-21_SIP_HAC.nc,2024-12-21 00:00:00,2024-12-23 00:00:00,24,2024-12-22 00:00:00,10,5,HAC,1
/home/waseem/CHOPIN_analysis/data/wrfout/wrfout_CHPN_d03_2024-12-21_CONTROL_SPRK.nc,2024-12-21 00:00:00,2024-12-23 00:00:00,24,2024-12-22 00:00:00,10,5,SPRK,0
/home/waseem/CHOPIN_analysis/data/wrfout/wrfout_CHPN_d03_2024-12-22_SIP_SPRK.nc,2024-12-22 00:00:00,2024-12-25 00:00:00,24,2024-12-23 00:00:00,10,5,SPRK,1
/home/waseem/CHOPIN_analysis/data/wrfout/wrfout_CHPN_d03_2024-12-22_CONTROL_SPRK.nc,2024-12-22 00:00:00,2024-12-25 00:00:00,24,2024-12-23 00:00:00,10,5,SPRK,0
/home/waseem/CHOPIN_analysis/data/wrfout/wrfout_CHPN_d03_2024-12-22_CONTROL_HAC.nc,2024-12-22 00:00:00,2024-12-25 00:00:00,24,2024-12-23 00:00:00,10,5,HAC,0
/home/waseem/CHOPIN_analysis/data/wrfout/wrfout_CHPN_d03_2024-12-22_SIP_HAC.nc,2024-12-22 00:00:00,2024-12-25 00:00:00,24,2024-12-23 00:00:00,10,5,HAC,1
/home/waseem/CHOPIN_analysis/data/wrfout/wrfout_CHPN_d03_2024-12-22_SIP_NPRK.nc,2024-12-22 00:00:00,2024-12-25 00:00:00,24,2024-12-23 00:00:00,10,5,NPRK,1
/home/waseem/CHOPIN_analysis/data/wrfout/wrfout_CHPN_d03_2024-12-22_CONTROL_NPRK.nc,2024-12-22 00:00:00,2024-12-25 00:00:00,24,2024-12-23 00:00:00,10,5,NPRK,0
